Principal,Rate,Years,Compound Interest
1000,0.05,5,1276.2815625000003
2000,0.03,10,2687.8327586882447
1500,0.08,3,1889.5680000000002
3000,0.06,7,4510.890776974082
2500,0.04,9,3558.2795310537126
1800,0.07,4,2359.432818
2200,0.025,6,2551.325520068358
3500,0.09,2,4158.35
2800,0.035,8,3687.065303497528
4000,0.02,5,4416.3232128
